<?xml version="1.0"?>
<DownloaderManifest xmlns:xsd="http://www.w3.org/2001/XMLSchema" xmlns:xsi="http://www.w3.org/2001/XMLSchema-instance">
  <ApplicationFiles>
    <ApplicationFile>
      <Name>Apache_License.txt</Name>
      <Version />
      <DownloadLocation>http://delivery.dell.com/download/2.4.0.1/Docs</DownloadLocation>
      <Hash>
        <Algorithm>SHA1</Algorithm>
        <Value>60decf94b9f0248ba99db016941e56b00188863a</Value>
      </Hash>
      <TargetLocation>Docs</TargetLocation>
      <FileAction>Download</FileAction>
      <RequiresSigning>false</RequiresSigning>
      <Unzip>false</Unzip>
    </ApplicationFile>
    <ApplicationFile>
      <Name>Eula.rtf</Name>
      <Version />
      <TargetLocation>Docs</TargetLocation>
      <FileAction>Delete</FileAction>
      <RequiresSigning>false</RequiresSigning>
      <Unzip>false</Unzip>
    </ApplicationFile>
    <ApplicationFile>
      <Name>Eula.zh-CHT.rtf</Name>
      <Version />
      <DownloadLocation>http://delivery.dell.com/download/2.4.0.1/Docs</DownloadLocation>
      <Hash>
        <Algorithm>SHA1</Algorithm>
        <Value>5e1461b65d6c4a29690a31810ebcb2fb94790fa0</Value>
      </Hash>
      <TargetLocation>Docs</TargetLocation>
      <FileAction>Download</FileAction>
      <RequiresSigning>false</RequiresSigning>
      <Unzip>false</Unzip>
    </ApplicationFile>
    <ApplicationFile>
      <Name>Eula.zh-CHS.rtf</Name>
      <Version />
      <DownloadLocation>http://delivery.dell.com/download/2.4.0.1/Docs</DownloadLocation>
      <Hash>
        <Algorithm>SHA1</Algorithm>
        <Value>9dffa7df2d9f41bddf6742bda669292527280ae3</Value>
      </Hash>
      <TargetLocation>Docs</TargetLocation>
      <FileAction>Download</FileAction>
      <RequiresSigning>false</RequiresSigning>
      <Unzip>false</Unzip>
    </ApplicationFile>
    <ApplicationFile>
      <Name>Eula.ko-KR.rtf</Name>
      <Version />
      <DownloadLocation>http://delivery.dell.com/download/2.4.0.1/Docs</DownloadLocation>
      <Hash>
        <Algorithm>SHA1</Algorithm>
        <Value>1bef62a5ab57c518e0b9b9b30fe7992e86d51e42</Value>
      </Hash>
      <TargetLocation>Docs</TargetLocation>
      <FileAction>Download</FileAction>
      <RequiresSigning>false</RequiresSigning>
      <Unzip>false</Unzip>
    </ApplicationFile>
    <ApplicationFile>
      <Name>Eula.ja-JP.rtf</Name>
      <Version />
      <DownloadLocation>http://delivery.dell.com/download/2.4.0.1/Docs</DownloadLocation>
      <Hash>
        <Algorithm>SHA1</Algorithm>
        <Value>12fcc2c16542a69d66bf90f921c62815eec6e048</Value>
      </Hash>
      <TargetLocation>Docs</TargetLocation>
      <FileAction>Download</FileAction>
      <RequiresSigning>false</RequiresSigning>
      <Unzip>false</Unzip>
    </ApplicationFile>
    <ApplicationFile>
      <Name>Eula.en-US.rtf</Name>
      <Version />
      <DownloadLocation>http://delivery.dell.com/download/2.4.0.1/Docs</DownloadLocation>
      <Hash>
        <Algorithm>SHA1</Algorithm>
        <Value>4767557d764af8130c9537e2182f9c1205081d54</Value>
      </Hash>
      <TargetLocation>Docs</TargetLocation>
      <FileAction>Download</FileAction>
      <RequiresSigning>false</RequiresSigning>
      <Unzip>false</Unzip>
    </ApplicationFile>
    <ApplicationFile>
      <Name>Eula.es.rtf</Name>
      <Version />
      <DownloadLocation>http://delivery.dell.com/download/2.4.0.1/Docs</DownloadLocation>
      <Hash>
        <Algorithm>SHA1</Algorithm>
        <Value>a1c000406999583efd878c9dc36f8ebbdab7181d</Value>
      </Hash>
      <TargetLocation>Docs</TargetLocation>
      <FileAction>Download</FileAction>
      <RequiresSigning>false</RequiresSigning>
      <Unzip>false</Unzip>
    </ApplicationFile>
    <ApplicationFile>
      <Name>Eula.pt-BR.rtf</Name>
      <Version />
      <DownloadLocation>http://delivery.dell.com/download/2.4.0.1/Docs</DownloadLocation>
      <Hash>
        <Algorithm>SHA1</Algorithm>
        <Value>13ad9c2c433756a41df7d7cbbf774f803addaa01</Value>
      </Hash>
      <TargetLocation>Docs</TargetLocation>
      <FileAction>Download</FileAction>
      <RequiresSigning>false</RequiresSigning>
      <Unzip>false</Unzip>
    </ApplicationFile>
    <ApplicationFile>
      <Name>Eula.de-DE.rtf</Name>
      <Version />
      <DownloadLocation>http://delivery.dell.com/download/2.4.0.1/Docs</DownloadLocation>
      <Hash>
        <Algorithm>SHA1</Algorithm>
        <Value>4b549e6583a556ea7855f38081bb3103f5a7f82d</Value>
      </Hash>
      <TargetLocation>Docs</TargetLocation>
      <FileAction>Download</FileAction>
      <RequiresSigning>false</RequiresSigning>
      <Unzip>false</Unzip>
    </ApplicationFile>
    <ApplicationFile>
      <Name>Eula.fr-FR.rtf</Name>
      <Version />
      <DownloadLocation>http://delivery.dell.com/download/2.4.0.1/Docs</DownloadLocation>
      <Hash>
        <Algorithm>SHA1</Algorithm>
        <Value>ca775ccd5f325d5c66f1b8eb72d339e7b64cacb4</Value>
      </Hash>
      <TargetLocation>Docs</TargetLocation>
      <FileAction>Download</FileAction>
      <RequiresSigning>false</RequiresSigning>
      <Unzip>false</Unzip>
    </ApplicationFile>
    <ApplicationFile>
      <Name>Eula.it-IT.rtf</Name>
      <Version />
      <DownloadLocation>http://delivery.dell.com/download/2.4.0.1/Docs</DownloadLocation>
      <Hash>
        <Algorithm>SHA1</Algorithm>
        <Value>01431552acf76a140c8ae4df64a6cb18cfb00271</Value>
      </Hash>
      <TargetLocation>Docs</TargetLocation>
      <FileAction>Download</FileAction>
      <RequiresSigning>false</RequiresSigning>
      <Unzip>false</Unzip>
    </ApplicationFile>
    <ApplicationFile>
      <Name>Eula.nl-BE.rtf</Name>
      <Version />
      <DownloadLocation>http://delivery.dell.com/download/2.4.0.1/Docs</DownloadLocation>
      <Hash>
        <Algorithm>SHA1</Algorithm>
        <Value>b2f29bf65b0537c960286977f8e8b9261d38c602</Value>
      </Hash>
      <TargetLocation>Docs</TargetLocation>
      <FileAction>Download</FileAction>
      <RequiresSigning>false</RequiresSigning>
      <Unzip>false</Unzip>
    </ApplicationFile>
    <ApplicationFile>
      <Name>Eula.nb-NO.rtf</Name>
      <Version />
      <DownloadLocation>http://delivery.dell.com/download/2.4.0.1/Docs</DownloadLocation>
      <Hash>
        <Algorithm>SHA1</Algorithm>
        <Value>52891450bc3f59d24fd5cc2337c07ef39241e35a</Value>
      </Hash>
      <TargetLocation>Docs</TargetLocation>
      <FileAction>Download</FileAction>
      <RequiresSigning>false</RequiresSigning>
      <Unzip>false</Unzip>
    </ApplicationFile>
    <ApplicationFile>
      <Name>Eula.sv-SE.rtf</Name>
      <Version />
      <DownloadLocation>http://delivery.dell.com/download/2.4.0.1/Docs</DownloadLocation>
      <Hash>
        <Algorithm>SHA1</Algorithm>
        <Value>c8fcaf5fc4afa490684151f5ffc7a8c488428607</Value>
      </Hash>
      <TargetLocation>Docs</TargetLocation>
      <FileAction>Download</FileAction>
      <RequiresSigning>false</RequiresSigning>
      <Unzip>false</Unzip>
    </ApplicationFile>
    <ApplicationFile>
      <Name>Licenses.rtf</Name>
      <Version />
      <TargetLocation>Docs</TargetLocation>
      <FileAction>Delete</FileAction>
      <RequiresSigning>false</RequiresSigning>
      <Unzip>false</Unzip>
    </ApplicationFile>
    <ApplicationFile>
      <Name>Licenses.zh-CHT.rtf</Name>
      <Version />
      <DownloadLocation>http://delivery.dell.com/download/2.4.0.1/Docs</DownloadLocation>
      <Hash>
        <Algorithm>SHA1</Algorithm>
        <Value>834a2a3051780b72da0a8bb5f3765075a549663a</Value>
      </Hash>
      <TargetLocation>Docs</TargetLocation>
      <FileAction>Download</FileAction>
      <RequiresSigning>false</RequiresSigning>
      <Unzip>false</Unzip>
    </ApplicationFile>
    <ApplicationFile>
      <Name>Licenses.zh-CHS.rtf</Name>
      <Version />
      <DownloadLocation>http://delivery.dell.com/download/2.4.0.1/Docs</DownloadLocation>
      <Hash>
        <Algorithm>SHA1</Algorithm>
        <Value>8332938a4e5bba51fb1c52863bcdd8c933569340</Value>
      </Hash>
      <TargetLocation>Docs</TargetLocation>
      <FileAction>Download</FileAction>
      <RequiresSigning>false</RequiresSigning>
      <Unzip>false</Unzip>
    </ApplicationFile>
    <ApplicationFile>
      <Name>Licenses.ko-KR.rtf</Name>
      <Version />
      <DownloadLocation>http://delivery.dell.com/download/2.4.0.1/Docs</DownloadLocation>
      <Hash>
        <Algorithm>SHA1</Algorithm>
        <Value>86fa858d7c940cd4ac317eee3ed50edede0cccac</Value>
      </Hash>
      <TargetLocation>Docs</TargetLocation>
      <FileAction>Download</FileAction>
      <RequiresSigning>false</RequiresSigning>
      <Unzip>false</Unzip>
    </ApplicationFile>
    <ApplicationFile>
      <Name>Licenses.ja-JP.rtf</Name>
      <Version />
      <DownloadLocation>http://delivery.dell.com/download/2.4.0.1/Docs</DownloadLocation>
      <Hash>
        <Algorithm>SHA1</Algorithm>
        <Value>dde6f78762158b6c607388035c066f0fdd1c3399</Value>
      </Hash>
      <TargetLocation>Docs</TargetLocation>
      <FileAction>Download</FileAction>
      <RequiresSigning>false</RequiresSigning>
      <Unzip>false</Unzip>
    </ApplicationFile>
    <ApplicationFile>
      <Name>Licenses.en-US.rtf</Name>
      <Version />
      <DownloadLocation>http://delivery.dell.com/download/2.4.0.1/Docs</DownloadLocation>
      <Hash>
        <Algorithm>SHA1</Algorithm>
        <Value>7af2a81e4141142ff717cbfce92e50309fcd053a</Value>
      </Hash>
      <TargetLocation>Docs</TargetLocation>
      <FileAction>Download</FileAction>
      <RequiresSigning>false</RequiresSigning>
      <Unzip>false</Unzip>
    </ApplicationFile>
    <ApplicationFile>
      <Name>Licenses.es.rtf</Name>
      <Version />
      <DownloadLocation>http://delivery.dell.com/download/2.4.0.1/Docs</DownloadLocation>
      <Hash>
        <Algorithm>SHA1</Algorithm>
        <Value>b9692d8806f390522580824abf50acc7a6f7427c</Value>
      </Hash>
      <TargetLocation>Docs</TargetLocation>
      <FileAction>Download</FileAction>
      <RequiresSigning>false</RequiresSigning>
      <Unzip>false</Unzip>
    </ApplicationFile>
    <ApplicationFile>
      <Name>Licenses.pt-BR.rtf</Name>
      <Version />
      <DownloadLocation>http://delivery.dell.com/download/2.4.0.1/Docs</DownloadLocation>
      <Hash>
        <Algorithm>SHA1</Algorithm>
        <Value>06adeab2e301cef4a2b51ce2fcebd8b98249dd4e</Value>
      </Hash>
      <TargetLocation>Docs</TargetLocation>
      <FileAction>Download</FileAction>
      <RequiresSigning>false</RequiresSigning>
      <Unzip>false</Unzip>
    </ApplicationFile>
    <ApplicationFile>
      <Name>Licenses.de-DE.rtf</Name>
      <Version />
      <DownloadLocation>http://delivery.dell.com/download/2.4.0.1/Docs</DownloadLocation>
      <Hash>
        <Algorithm>SHA1</Algorithm>
        <Value>7ad03d5f4b154fd8e274c0a5f74bd82fa5bd918d</Value>
      </Hash>
      <TargetLocation>Docs</TargetLocation>
      <FileAction>Download</FileAction>
      <RequiresSigning>false</RequiresSigning>
      <Unzip>false</Unzip>
    </ApplicationFile>
    <ApplicationFile>
      <Name>Licenses.fr-FR.rtf</Name>
      <Version />
      <DownloadLocation>http://delivery.dell.com/download/2.4.0.1/Docs</DownloadLocation>
      <Hash>
        <Algorithm>SHA1</Algorithm>
        <Value>d83dc36b364a19494bf3603fee5f103b88215c86</Value>
      </Hash>
      <TargetLocation>Docs</TargetLocation>
      <FileAction>Download</FileAction>
      <RequiresSigning>false</RequiresSigning>
      <Unzip>false</Unzip>
    </ApplicationFile>
    <ApplicationFile>
      <Name>Licenses.it-IT.rtf</Name>
      <Version />
      <DownloadLocation>http://delivery.dell.com/download/2.4.0.1/Docs</DownloadLocation>
      <Hash>
        <Algorithm>SHA1</Algorithm>
        <Value>590d3291d7a5be3a3dd27e3b2ddff006f5fdb6b8</Value>
      </Hash>
      <TargetLocation>Docs</TargetLocation>
      <FileAction>Download</FileAction>
      <RequiresSigning>false</RequiresSigning>
      <Unzip>false</Unzip>
    </ApplicationFile>
    <ApplicationFile>
      <Name>Licenses.nl-BE.rtf</Name>
      <Version />
      <DownloadLocation>http://delivery.dell.com/download/2.4.0.1/Docs</DownloadLocation>
      <Hash>
        <Algorithm>SHA1</Algorithm>
        <Value>fc3159d050f581052457320c6135959db0ad1425</Value>
      </Hash>
      <TargetLocation>Docs</TargetLocation>
      <FileAction>Download</FileAction>
      <RequiresSigning>false</RequiresSigning>
      <Unzip>false</Unzip>
    </ApplicationFile>
    <ApplicationFile>
      <Name>Licenses.nb-NO.rtf</Name>
      <Version />
      <DownloadLocation>http://delivery.dell.com/download/2.4.0.1/Docs</DownloadLocation>
      <Hash>
        <Algorithm>SHA1</Algorithm>
        <Value>2e767110b95a19f5f064e5b3253b4fda9206c175</Value>
      </Hash>
      <TargetLocation>Docs</TargetLocation>
      <FileAction>Download</FileAction>
      <RequiresSigning>false</RequiresSigning>
      <Unzip>false</Unzip>
    </ApplicationFile>
    <ApplicationFile>
      <Name>Licenses.sv-SE.rtf</Name>
      <Version />
      <DownloadLocation>http://delivery.dell.com/download/2.4.0.1/Docs</DownloadLocation>
      <Hash>
        <Algorithm>SHA1</Algorithm>
        <Value>a693ad9103f51ca2b6be434578ce198ebe316b47</Value>
      </Hash>
      <TargetLocation>Docs</TargetLocation>
      <FileAction>Download</FileAction>
      <RequiresSigning>false</RequiresSigning>
      <Unzip>false</Unzip>
    </ApplicationFile>
    <ApplicationFile>
      <Name>Support.rtf</Name>
      <Version />
      <DownloadLocation>http://delivery.dell.com/download/2.4.0.1/Docs</DownloadLocation>
      <Hash>
        <Algorithm>SHA1</Algorithm>
        <Value>9419a1cfd5cf72959fa0a0e5cc5e4601d8531d57</Value>
      </Hash>
      <TargetLocation>Docs</TargetLocation>
      <FileAction>Download</FileAction>
      <RequiresSigning>false</RequiresSigning>
      <Unzip>false</Unzip>
    </ApplicationFile>
    <ApplicationFile>
      <Name>FileTransfer.resources.dll</Name>
      <Version />
      <DownloadLocation>http://delivery.dell.com/download/2.4.0.1/en-US</DownloadLocation>
      <Hash>
        <Algorithm>SHA1</Algorithm>
        <Value>74d45aaae32da9ca89e3d9db36d32a8cb8d6cce3</Value>
      </Hash>
      <TargetLocation>en-US</TargetLocation>
      <FileAction>Download</FileAction>
      <RequiresSigning>true</RequiresSigning>
      <Unzip>false</Unzip>
    </ApplicationFile>
    <ApplicationFile>
      <Name>FileTransfer.resources.dll</Name>
      <Version />
      <DownloadLocation>http://delivery.dell.com/download/2.4.0.1/ja-JP</DownloadLocation>
      <Hash>
        <Algorithm>SHA1</Algorithm>
        <Value>0c86a15ae4490b43e3ddc8ffe06775f64fa0ea33</Value>
      </Hash>
      <TargetLocation>ja-JP</TargetLocation>
      <FileAction>Download</FileAction>
      <RequiresSigning>true</RequiresSigning>
      <Unzip>false</Unzip>
    </ApplicationFile>
    <ApplicationFile>
      <Name>FileTransfer.resources.dll</Name>
      <Version />
      <DownloadLocation>http://delivery.dell.com/download/2.4.0.1/ko-KR</DownloadLocation>
      <Hash>
        <Algorithm>SHA1</Algorithm>
        <Value>a2ba92a3865f8aff4d6c52e6d67ca8fc7c8a3da8</Value>
      </Hash>
      <TargetLocation>ko-KR</TargetLocation>
      <FileAction>Download</FileAction>
      <RequiresSigning>true</RequiresSigning>
      <Unzip>false</Unzip>
    </ApplicationFile>
    <ApplicationFile>
      <Name>FileTransfer.resources.dll</Name>
      <Version />
      <DownloadLocation>http://delivery.dell.com/download/2.4.0.1/zh-CHS</DownloadLocation>
      <Hash>
        <Algorithm>SHA1</Algorithm>
        <Value>05cc032e04538c84ebd8d6cca2ec3881a4237e03</Value>
      </Hash>
      <TargetLocation>zh-CHS</TargetLocation>
      <FileAction>Download</FileAction>
      <RequiresSigning>true</RequiresSigning>
      <Unzip>false</Unzip>
    </ApplicationFile>
    <ApplicationFile>
      <Name>FileTransfer.resources.dll</Name>
      <Version />
      <DownloadLocation>http://delivery.dell.com/download/2.4.0.1/zh-CHT</DownloadLocation>
      <Hash>
        <Algorithm>SHA1</Algorithm>
        <Value>627577937b605a883f5708504292915c7af24950</Value>
      </Hash>
      <TargetLocation>zh-CHT</TargetLocation>
      <FileAction>Download</FileAction>
      <RequiresSigning>true</RequiresSigning>
      <Unzip>false</Unzip>
    </ApplicationFile>
    <ApplicationFile>
      <Name>FileTransfer.resources.dll</Name>
      <Version />
      <DownloadLocation>http://delivery.dell.com/download/2.4.0.1/es</DownloadLocation>
      <Hash>
        <Algorithm>SHA1</Algorithm>
        <Value>88e5762b3eb6c85d7c3fd886a13f0ae0b365c9d1</Value>
      </Hash>
      <TargetLocation>es</TargetLocation>
      <FileAction>Download</FileAction>
      <RequiresSigning>true</RequiresSigning>
      <Unzip>false</Unzip>
    </ApplicationFile>
    <ApplicationFile>
      <Name>FileTransfer.resources.dll</Name>
      <Version />
      <DownloadLocation>http://delivery.dell.com/download/2.4.0.1/pt-BR</DownloadLocation>
      <Hash>
        <Algorithm>SHA1</Algorithm>
        <Value>a578631d67fce25624af33603595ebca5c720428</Value>
      </Hash>
      <TargetLocation>pt-BR</TargetLocation>
      <FileAction>Download</FileAction>
      <RequiresSigning>true</RequiresSigning>
      <Unzip>false</Unzip>
    </ApplicationFile>
    <ApplicationFile>
      <Name>FileTransfer.resources.dll</Name>
      <Version />
      <DownloadLocation>http://delivery.dell.com/download/2.4.0.1/de-DE</DownloadLocation>
      <Hash>
        <Algorithm>SHA1</Algorithm>
        <Value>8d25aa18916ce3eb606affdf2ed0a67612f08203</Value>
      </Hash>
      <TargetLocation>de-DE</TargetLocation>
      <FileAction>Download</FileAction>
      <RequiresSigning>true</RequiresSigning>
      <Unzip>false</Unzip>
    </ApplicationFile>
    <ApplicationFile>
      <Name>FileTransfer.resources.dll</Name>
      <Version />
      <DownloadLocation>http://delivery.dell.com/download/2.4.0.1/fr-FR</DownloadLocation>
      <Hash>
        <Algorithm>SHA1</Algorithm>
        <Value>c6b17e4c8d273925b7ac37576edf2d44ac577af6</Value>
      </Hash>
      <TargetLocation>fr-FR</TargetLocation>
      <FileAction>Download</FileAction>
      <RequiresSigning>true</RequiresSigning>
      <Unzip>false</Unzip>
    </ApplicationFile>
    <ApplicationFile>
      <Name>FileTransfer.resources.dll</Name>
      <Version />
      <DownloadLocation>http://delivery.dell.com/download/2.4.0.1/it-IT</DownloadLocation>
      <Hash>
        <Algorithm>SHA1</Algorithm>
        <Value>bd2ee313d80fa8d49e829576ffbf3517a4ccde95</Value>
      </Hash>
      <TargetLocation>it-IT</TargetLocation>
      <FileAction>Download</FileAction>
      <RequiresSigning>true</RequiresSigning>
      <Unzip>false</Unzip>
    </ApplicationFile>
    <ApplicationFile>
      <Name>FileTransfer.resources.dll</Name>
      <Version />
      <DownloadLocation>http://delivery.dell.com/download/2.4.0.1/nb-NO</DownloadLocation>
      <Hash>
        <Algorithm>SHA1</Algorithm>
        <Value>6ec9e1c2bdff68a29e6252a28606046a70d726e5</Value>
      </Hash>
      <TargetLocation>nb-NO</TargetLocation>
      <FileAction>Download</FileAction>
      <RequiresSigning>true</RequiresSigning>
      <Unzip>false</Unzip>
    </ApplicationFile>
    <ApplicationFile>
      <Name>FileTransfer.resources.dll</Name>
      <Version />
      <DownloadLocation>http://delivery.dell.com/download/2.4.0.1/nl-BE</DownloadLocation>
      <Hash>
        <Algorithm>SHA1</Algorithm>
        <Value>4fab206ae559331f90769e7db9649a523ee0a650</Value>
      </Hash>
      <TargetLocation>nl-BE</TargetLocation>
      <FileAction>Download</FileAction>
      <RequiresSigning>true</RequiresSigning>
      <Unzip>false</Unzip>
    </ApplicationFile>
    <ApplicationFile>
      <Name>FileTransfer.resources.dll</Name>
      <Version />
      <DownloadLocation>http://delivery.dell.com/download/2.4.0.1/sv-SE</DownloadLocation>
      <Hash>
        <Algorithm>SHA1</Algorithm>
        <Value>57f9546104594d95fb22968585b744188cb6a949</Value>
      </Hash>
      <TargetLocation>sv-SE</TargetLocation>
      <FileAction>Download</FileAction>
      <RequiresSigning>true</RequiresSigning>
      <Unzip>false</Unzip>
    </ApplicationFile>
    <ApplicationFile>
      <Name>Dell.GCS.FileTransfer.Client.Core.dll</Name>
      <Version />
      <DownloadLocation>http://delivery.dell.com/download/2.4.0.1</DownloadLocation>
      <Hash>
        <Algorithm>SHA1</Algorithm>
        <Value>feef123a6168b62f8baa3bea29884a7d181ce00d</Value>
      </Hash>
      <TargetLocation />
      <FileAction>Download</FileAction>
      <RequiresSigning>true</RequiresSigning>
      <Unzip>false</Unzip>
    </ApplicationFile>
    <ApplicationFile>
      <Name>Dell.GCS.FileTransfer.Hybir.dll</Name>
      <Version />
      <DownloadLocation>http://delivery.dell.com/download/2.4.0.1</DownloadLocation>
      <Hash>
        <Algorithm>SHA1</Algorithm>
        <Value>9f02c50456d509fbec5ca6ad89112239b6565a10</Value>
      </Hash>
      <TargetLocation />
      <FileAction>Download</FileAction>
      <RequiresSigning>true</RequiresSigning>
      <Unzip>false</Unzip>
    </ApplicationFile>
    <ApplicationFile>
      <Name>Dell.GCS.FileTransfer.Library.Gateway.dll</Name>
      <Version />
      <DownloadLocation>http://delivery.dell.com/download/2.4.0.1</DownloadLocation>
      <Hash>
        <Algorithm>SHA1</Algorithm>
        <Value>1cb5123bcd6f5fafdec33fbd94a3a1217f968021</Value>
      </Hash>
      <TargetLocation />
      <FileAction>Download</FileAction>
      <RequiresSigning>true</RequiresSigning>
      <Unzip>false</Unzip>
    </ApplicationFile>
    <ApplicationFile>
      <Name>Dell.GCS.FileTransfer.Library.Utility.dll</Name>
      <Version />
      <DownloadLocation>http://delivery.dell.com/download/2.4.0.1</DownloadLocation>
      <Hash>
        <Algorithm>SHA1</Algorithm>
        <Value>f096c4311d7ce8db603ca4f85f7da8f1aadef7a9</Value>
      </Hash>
      <TargetLocation />
      <FileAction>Download</FileAction>
      <RequiresSigning>true</RequiresSigning>
      <Unzip>false</Unzip>
    </ApplicationFile>
    <ApplicationFile>
      <Name>FileTransfer.exe</Name>
      <Version />
      <DownloadLocation>http://delivery.dell.com/download/2.4.0.1</DownloadLocation>
      <Hash>
        <Algorithm>SHA1</Algorithm>
        <Value>e4b9a731455daa86951aaca4392198a1bdad1d08</Value>
      </Hash>
      <TargetLocation />
      <FileAction>Download</FileAction>
      <RequiresSigning>true</RequiresSigning>
      <Unzip>false</Unzip>
    </ApplicationFile>
    <ApplicationFile>
      <Name>FileTransfer.exe.config.xml</Name>
      <Version />
      <DownloadLocation>http://delivery.dell.com/download/2.4.0.1</DownloadLocation>
      <Hash>
        <Algorithm>SHA1</Algorithm>
        <Value>f87097bb6dc7234449689a2c9020121cb6d51ff4</Value>
      </Hash>
      <TargetLocation />
      <FileAction>Download</FileAction>
      <RequiresSigning>false</RequiresSigning>
      <Unzip>false</Unzip>
    </ApplicationFile>
    <ApplicationFile>
      <Name>Ghost32.exe</Name>
      <Version />
      <DownloadLocation>http://delivery.dell.com/download/2.4.0.1</DownloadLocation>
      <Hash>
        <Algorithm>SHA1</Algorithm>
        <Value>fc7c299082115bfd44ea77835984895d45a18959</Value>
      </Hash>
      <TargetLocation />
      <FileAction>Download</FileAction>
      <RequiresSigning>false</RequiresSigning>
      <Unzip>false</Unzip>
    </ApplicationFile>
    <ApplicationFile>
      <Name>HybirDebug32.dll</Name>
      <Version />
      <TargetLocation />
      <FileAction>Delete</FileAction>
      <RequiresSigning>true</RequiresSigning>
      <Unzip>false</Unzip>
    </ApplicationFile>
    <ApplicationFile>
      <Name>HybirDebug64.dll</Name>
      <Version />
      <TargetLocation />
      <FileAction>Delete</FileAction>
      <RequiresSigning>true</RequiresSigning>
      <Unzip>false</Unzip>
    </ApplicationFile>
    <ApplicationFile>
      <Name>HybirLib.API.dll</Name>
      <Version />
      <DownloadLocation>http://delivery.dell.com/download/2.4.0.1</DownloadLocation>
      <Hash>
        <Algorithm>SHA1</Algorithm>
        <Value>ac451350666c5ad1c6275e0f7938525abc555c5d</Value>
      </Hash>
      <TargetLocation />
      <FileAction>Download</FileAction>
      <RequiresSigning>true</RequiresSigning>
      <Unzip>false</Unzip>
    </ApplicationFile>
    <ApplicationFile>
      <Name>HybirRelease32.dll</Name>
      <Version />
      <DownloadLocation>http://delivery.dell.com/download/2.4.0.1</DownloadLocation>
      <Hash>
        <Algorithm>SHA1</Algorithm>
        <Value>58b820e38d5b1f287a0ef514adbde5dcf02dda09</Value>
      </Hash>
      <TargetLocation />
      <FileAction>Download</FileAction>
      <RequiresSigning>true</RequiresSigning>
      <Unzip>false</Unzip>
    </ApplicationFile>
    <ApplicationFile>
      <Name>HybirRelease64.dll</Name>
      <Version />
      <DownloadLocation>http://delivery.dell.com/download/2.4.0.1</DownloadLocation>
      <Hash>
        <Algorithm>SHA1</Algorithm>
        <Value>21a4e177cd0476247debdc5b574d1fe0d44dbd55</Value>
      </Hash>
      <TargetLocation />
      <FileAction>Download</FileAction>
      <RequiresSigning>true</RequiresSigning>
      <Unzip>false</Unzip>
    </ApplicationFile>
    <ApplicationFile>
      <Name>log4net.dll</Name>
      <Version />
      <DownloadLocation>http://delivery.dell.com/download/2.4.0.1</DownloadLocation>
      <Hash>
        <Algorithm>SHA1</Algorithm>
        <Value>4be4f5f9036aae86524085ecb893ae6552fc731d</Value>
      </Hash>
      <TargetLocation />
      <FileAction>Download</FileAction>
      <RequiresSigning>false</RequiresSigning>
      <Unzip>false</Unzip>
    </ApplicationFile>
    <ApplicationFile>
      <Name>WPFLocalizeExtension.dll</Name>
      <Version />
      <DownloadLocation>http://delivery.dell.com/download/2.4.0.1</DownloadLocation>
      <Hash>
        <Algorithm>SHA1</Algorithm>
        <Value>cb2c4b7874e8185a4bff2845f02b4d4eed631e54</Value>
      </Hash>
      <TargetLocation />
      <FileAction>Download</FileAction>
      <RequiresSigning>false</RequiresSigning>
      <Unzip>false</Unzip>
    </ApplicationFile>
    <ApplicationFile>
      <Name>XAMLMarkupExtensions.dll</Name>
      <Version />
      <DownloadLocation>http://delivery.dell.com/download/2.4.0.1</DownloadLocation>
      <Hash>
        <Algorithm>SHA1</Algorithm>
        <Value>525d1d787d8022a3f6dea3514bc4f82ad7a273a2</Value>
      </Hash>
      <TargetLocation />
      <FileAction>Download</FileAction>
      <RequiresSigning>false</RequiresSigning>
      <Unzip>false</Unzip>
    </ApplicationFile>
    <ApplicationFile>
      <Name>Xceed.Wpf.Toolkit.dll</Name>
      <Version />
      <DownloadLocation>http://delivery.dell.com/download/2.4.0.1</DownloadLocation>
      <Hash>
        <Algorithm>SHA1</Algorithm>
        <Value>ee4f7c398e0d2c8397c4ba931a9f21223766ad0e</Value>
      </Hash>
      <TargetLocation />
      <FileAction>Download</FileAction>
      <RequiresSigning>false</RequiresSigning>
      <Unzip>false</Unzip>
    </ApplicationFile>
  </ApplicationFiles>
  <AppDirectories>
    <AppDirectory>
      <Name>Docs</Name>
      <Parent />
      <DirectoryAction>Create</DirectoryAction>
    </AppDirectory>
    <AppDirectory>
      <Name>en-US</Name>
      <Parent />
      <DirectoryAction>Create</DirectoryAction>
    </AppDirectory>
    <AppDirectory>
      <Name>es</Name>
      <Parent />
      <DirectoryAction>Create</DirectoryAction>
    </AppDirectory>
    <AppDirectory>
      <Name>pt-BR</Name>
      <Parent />
      <DirectoryAction>Create</DirectoryAction>
    </AppDirectory>
    <AppDirectory>
      <Name>ja-JP</Name>
      <Parent />
      <DirectoryAction>Create</DirectoryAction>
    </AppDirectory>
    <AppDirectory>
      <Name>ko-KR</Name>
      <Parent />
      <DirectoryAction>Create</DirectoryAction>
    </AppDirectory>
    <AppDirectory>
      <Name>zh-CHS</Name>
      <Parent />
      <DirectoryAction>Create</DirectoryAction>
    </AppDirectory>
    <AppDirectory>
      <Name>zh-CHT</Name>
      <Parent />
      <DirectoryAction>Create</DirectoryAction>
    </AppDirectory>
    <AppDirectory>
      <Name>de-DE</Name>
      <Parent />
      <DirectoryAction>Create</DirectoryAction>
    </AppDirectory>
    <AppDirectory>
      <Name>fr-FR</Name>
      <Parent />
      <DirectoryAction>Create</DirectoryAction>
    </AppDirectory>
    <AppDirectory>
      <Name>it-IT</Name>
      <Parent />
      <DirectoryAction>Create</DirectoryAction>
    </AppDirectory>
    <AppDirectory>
      <Name>nb-NO</Name>
      <Parent />
      <DirectoryAction>Create</DirectoryAction>
    </AppDirectory>
    <AppDirectory>
      <Name>nl-BE</Name>
      <Parent />
      <DirectoryAction>Create</DirectoryAction>
    </AppDirectory>
    <AppDirectory>
      <Name>sv-SE</Name>
      <Parent />
      <DirectoryAction>Create</DirectoryAction>
    </AppDirectory>
  </AppDirectories>
</DownloaderManifest>